<?xml version="1.0" encoding="UTF-8" standalone="yes"?>
<addon id="plugin.program.ofcwiz" name="[B][COLOR dodgerblue]O[COLOR ghostwhite]F[COLOR dodgerblue]C[COLOR ghostwhite] Wizard[/COLOR][/B]" version="73" provider-name="OFC">
    <requires>
        <import addon="xbmc.python" version="2.1.0" />
        <import addon="script.module.requests" />
        <import addon="script.module.six" />
    </requires>
    
    <extension point="xbmc.python.pluginsource" library="default.py">
        <provides>executable</provides>
    </extension>
    
    <extension point="xbmc.service" library="startup.py" start="startup" />
    
    <extension point="xbmc.addon.metadata">
        <summary lang="en">[COLOR dodgerblue]OFC [COLOR ghostwhite]Wizard[/COLOR]</summary>
        <description lang="en">Get access to our Builds, add-ons and more, using the OFC Wizard.</description>
        <platform>all</platform>
        <reuselanguageinvoker>false</reuselanguageinvoker>
        <source>https://raw.githubusercontent.com/bitsbb01/IPTV-M3US/master/New/plugin.program.ofciz.zip</source>
        <news>
        1.3.2
         - Fix build restore
        1.3.1
         - Fix "Keep Login Info" menu   
        </news>
        <assets>
            <icon>icon.png</icon>
            <fanart>fanart.png</fanart>
        </assets>
    </extension>
</addon>
